{
  "profile_stats": [
    {
      "profile_id": "gemini_official_api",
      "run_count": 6,
      "successful_runs": 6,
      "failed_runs": 0,
      "completion_rate": 1,
      "min": 0.43,
      "max": 0.7593333333333333,
      "mean": 0.6203333333333333,
      "median": 0.6483333333333334,
      "stddev": 0.13390087544315923,
      "arbiter_unavailable_count": 0,
      "arbiter_unavailable_rate": 0,
      "evasion_penalty_count": 4,
      "evasion_penalty_rate": 0.6666666666666666
    }
  ]
}
